State,AssessmentFeeId,Rate
CA,1,0
CA,2,0.004734
CA,3,0.002584
CA,4,0.002272
CA,5,0.006579
CA,6,0.000775
CA,7,0.022646
FL,8,0
IL,9,0.0101
PA,10,0.0202
IN,11,0.0097
NJ,12,0.0522
NJ,13,0
KY,14,0.0641
MN,15,0.036
MO,16,0.05
